{"stats":{"minecraft:mined":{"minecraft:dark_oak_planks":2,"minecraft:spruce_planks":15,"minecraft:cobblestone_stairs":10,"minecraft:obsidian":41,"minecraft:budding_amethyst":5,"biomesoplenty:bramble":1,"minecraft:grass_block":166,"minecraft:cracked_polished_blackstone_bricks":3,"minecraft:soul_soil":7,"minecraft:gilded_blackstone":2,"minecraft:spawner":1,"biomesoplenty:stripped_fir_log":1,"minecraft:polished_blackstone_bricks":4,"minecraft:tall_seagrass":3,"minecraft:magma_block":8,"minecraft:glowstone":2,"minecraft:fire":17,"minecraft:iron_ore":25,"minecraft:cobbled_deepslate":37,"minecraft:pumpkin":8,"minecraft:deepslate_lapis_ore":3,"minecraft:dark_oak_stairs":3,"chococraft:gysahl_green":28,"minecraft:dirt_path":2,"biomesoplenty:webbing":1,"minecraft:player_head":3,"minecraft:amethyst_cluster":12,"minecraft:deepslate_redstone_ore":4,"cyclic:flower_lime_carnation":1,"minecraft:brown_mushroom":1,"minecraft:red_bed":1,"minecraft:blackstone":25,"minecraft:crimson_nylium":4,"minecraft:smoker":1,"minecraft:soul_fire":1,"minecraft:torch":99,"minecraft:calcite":3,"minecraft:chest":3,"minecraft:mushroom_stem":1,"minecraft:glass":3,"minecraft:cobblestone":80,"minecraft:prismarine":1,"minecraft:wall_torch":60,"minecraft:amethyst_block":23,"minecraft:seagrass":4,"minecraft:lilac":1,"biomesoplenty:large_rose_quartz_bud":3,"biomesoplenty:maple_leaves":1,"biomesoplenty:fir_log":598,"minecraft:wither_rose":6,"minecraft:grass":48,"biomesoplenty:dead_log":7,"minecraft:oak_log":12,"minecraft:beetroots":1,"minecraft:sand":180,"minecraft:dirt":585,"minecraft:netherrack":224,"minecraft:oak_leaves":87,"minecraft:deepslate":1095,"minecraft:nether_gold_ore":25,"minecraft:tuff":89,"minecraft:mossy_cobblestone":43,"minecraft:deepslate_diamond_ore":5,"minecraft:dark_oak_log":92,"minecraft:mangrove_roots":2,"minecraft:sea_lantern":1,"minecraft:nether_bricks":101,"biomesoplenty:bush":37,"biomesoplenty:white_petals":1,"minecraft:moss_block":3,"minecraft:sandstone":3,"minecraft:large_fern":2,"minecraft:redstone_ore":1,"minecraft:furnace":4,"biomesoplenty:toadstool":2,"minecraft:andesite":261,"minecraft:gold_block":1,"minecraft:nether_brick_fence":10,"minecraft:bookshelf":6,"minecraft:rail":11,"minecraft:shroomlight":11,"minecraft:deepslate_iron_ore":3,"biomesoplenty:spider_egg":1,"minecraft:stone":769,"biomesoplenty:rose_quartz_cluster":4,"minecraft:glass_pane":1,"minecraft:soul_sand":10,"minecraft:basalt":2,"minecraft:spruce_door":5,"travelersbackpack:standard":3,"minecraft:crafting_table":14,"biomesoplenty:fir_planks":51,"minecraft:copper_ore":4,"minecraft:deepslate_gold_ore":6,"biomesoplenty:sprout":3,"minecraft:lapis_ore":3,"minecraft:sweet_berry_bush":3,"minecraft:gray_bed":1,"minecraft:spruce_log":55,"minecraft:birch_leaves":84,"minecraft:coal_ore":20,"minecraft:dripstone_block":4,"minecraft:gravel":120,"minecraft:gold_ore":1,"minecraft:fern":3},"minecraft:dropped":{"biomesoplenty:umbran_planks":10,"minecraft:soul_sand":13,"minecraft:moss_block":1,"chococraft:loverly_gysahl_green":5,"minecraft:oak_log":3,"minecraft:crafting_table":2,"minecraft:leather":3,"biomesoplenty:rose_quartz_chunk":8,"cwsr:beast_sword":2,"travelersbackpack:standard":1,"minecraft:emerald":1,"biomesoplenty:fir_sapling":133,"minecraft:flint":2,"minecraft:cracked_polished_blackstone_bricks":3,"minecraft:dirt":23,"minecraft:crimson_roots":1,"alexsmobs:flying_fish":1,"minecraft:gilded_blackstone":5,"alexsmobs:cooked_catfish":2,"minecraft:gold_nugget":14,"minecraft:bone_block":8,"cwsr:beast_essence":1,"minecraft:bone_meal":3,"minecraft:sand":273,"minecraft:polished_blackstone_bricks":3,"biomesoplenty:fir_fence":6,"minecraft:white_wool":1,"minecraft:gold_ingot":87,"minecraft:bone":13,"cyclic:emerald_shovel":1,"minecraft:blackstone":19,"minecraft:gravel":85,"minecraft:cobbled_deepslate":210,"biomesoplenty:toadstool":1,"minecraft:stone_axe":1,"biomesoplenty:bramble":1,"minecraft:nether_brick":13,"cyclic:flower_absalon_tulip":1,"minecraft:pointed_dripstone":1,"minecraft:obsidian":3,"minecraft:rotten_flesh":41,"minecraft:oak_planks":1,"biomesoplenty:orange_autumn_sapling":46,"minecraft:glowstone_dust":8,"minecraft:prismarine":1,"minecraft:nether_brick_fence":12,"alexsmobs:blood_sac":8,"minecraft:gunpowder":4,"morevanillaarmor:quartz_leggings":2,"travelersbackpack:white_sleeping_bag":1,"minecraft:beetroot_seeds":4,"minecraft:chest":1,"cwsr:thunder_essence":1,"minecraft:basalt":4,"minecraft:glass":128,"minecraft:crying_obsidian":4,"minecraft:quartz":12,"minecraft:netherrack":15,"biomesoplenty:dead_log":7,"alexsmobs:mosquito_proboscis":2,"minecraft:enchanted_book":1,"minecraft:golden_boots":1,"minecraft:iron_ingot":7,"minecraft:wheat_seeds":9,"minecraft:lilac":1,"chococraft:gold_gysahl":1,"minecraft:mossy_cobblestone":3,"minecraft:golden_horse_armor":1,"minecraft:book":61,"minecraft:cobblestone":256,"biomesoplenty:fir_boat":3,"biomesoplenty:maple_sapling":1,"cwsr:dark_essence":1,"chococraft:gysahl_green_seeds":24,"minecraft:granite":3,"cwsr:light_essence":1,"minecraft:copper_ingot":1,"minecraft:spruce_door":3,"minecraft:potion":1,"minecraft:fire_charge":10,"minecraft:iron_leggings":1,"minecraft:iron_axe":1,"minecraft:iron_shovel":1,"minecraft:paper":14,"minecraft:string":25,"cwsr:dark_sword":1,"minecraft:spruce_sapling":14,"minecraft:redstone":7,"minecraft:furnace":2,"minecraft:creeper_head":1,"minecraft:sweet_berries":7,"minecraft:soul_soil":2,"minecraft:blaze_rod":7,"minecraft:raw_copper":68,"minecraft:tuff":22,"cyclic:shield_obsidian":1,"alexsmobs:pigshoes":1,"minecraft:raw_iron":16,"minecraft:stone_shovel":1,"minecraft:white_carpet":3,"minecraft:iron_boots":1,"vtaw_tas:wither_bone_sword":1,"minecraft:nether_bricks":21,"minecraft:pumpkin_seeds":4,"minecraft:filled_map":1,"vtaw_tas:emerald_sword":1,"minecraft:stone":2,"minecraft:shield":2,"biomesoplenty:fir_planks":1,"alexsmobs:cockroach_wing_fragment":2,"biomesoplenty:umbran_sapling":54,"minecraft:iron_chestplate":1,"minecraft:andesite":28,"cwsr:thunder_sword":2,"minecraft:oak_sapling":2,"minecraft:spider_eye":11,"minecraft:sandstone":3,"minecraft:bow":1,"minecraft:stone_pickaxe":2,"minecraft:raw_gold":4,"minecraft:calcite":3},"minecraft:crafted":{"minecraft:oak_planks":48,"cyclic:emerald_shovel":1,"minecraft:dark_oak_wood":3,"minecraft:cobblestone_stairs":56,"minecraft:cooked_mutton":3,"cwsr:thunder_shock":2,"minecraft:glass":237,"minecraft:dark_oak_door":6,"minecraft:diamond_leggings":1,"minecraft:iron_boots":1,"minecraft:chest":3,"alexsmobs:cooked_catfish":15,"minecraft:golden_boots":1,"minecraft:cooked_porkchop":10,"minecraft:crafting_table":8,"minecraft:spruce_planks":219,"travelersbackpack:standard":1,"minecraft:wooden_pickaxe":1,"minecraft:iron_helmet":1,"minecraft:spruce_door":3,"morevanillaarmor:obsidian_boots":1,"biomesoplenty:fir_planks":728,"vtaw_tas:emerald_pickaxe":1,"minecraft:iron_chestplate":1,"minecraft:diamond_pickaxe":2,"minecraft:shield":3,"minecraft:stick":24,"minecraft:iron_pickaxe":1,"minecraft:iron_ingot":33,"minecraft:gold_ingot":65,"cyclic:shield_obsidian":1,"vtaw_tas:redstone_pickaxe":1,"minecraft:shears":1,"cwsr:beast_sword":1,"vtaw_tas:wither_bone_sword":1,"minecraft:furnace":4,"minecraft:white_carpet":3,"vtaw_tas:obsidian_pickaxe":1,"minecraft:glass_pane":256,"minecraft:flint_and_steel":1,"minecraft:iron_axe":1,"minecraft:stone_pickaxe":1,"morevanillaarmor:obsidian_helmet":1,"vtaw_tas:emerald_sword":1,"minecraft:dark_oak_planks":296,"morevanillaarmor:obsidian_leggings":1,"cwsr:sword_handle":5,"minecraft:wheat":144,"minecraft:cooked_beef":4,"biomesoplenty:umbran_planks":12,"minecraft:diamond_sword":1,"biomesoplenty:fir_boat":5,"minecraft:dark_oak_stairs":104,"travelersbackpack:backpack_tank":2,"cwsr:dark_sword":1,"minecraft:iron_sword":1,"minecraft:cooked_salmon":26,"minecraft:bucket":1,"minecraft:stone_axe":1,"minecraft:air":0,"minecraft:bread":51,"minecraft:oak_boat":3,"biomesoplenty:fir_fence":60,"cwsr:thunder_sword":3,"minecraft:iron_shovel":3,"minecraft:iron_leggings":1,"minecraft:torch":152,"morevanillaarmor:obsidian_chestplate":1,"minecraft:diamond_chestplate":1},"minecraft:broken":{"minecraft:iron_shovel":1,"vtaw_tas:redstone_shovel":1,"minecraft:diamond_pickaxe":1,"minecraft:flint_and_steel":1,"vtaw_tas:emerald_pickaxe":1,"minecraft:iron_helmet":1},"minecraft:used":{"minecraft:iron_shovel":772,"minecraft:chest":3,"minecraft:shield":121,"minecraft:iron_sword":104,"minecraft:player_head":2,"minecraft:nether_bricks":62,"minecraft:carrot":1,"minecraft:obsidian":10,"minecraft:glass":223,"biomesoplenty:white_petals":2,"minecraft:bow":77,"minecraft:sweet_berries":43,"minecraft:furnace":9,"minecraft:gray_bed":2,"biomesoplenty:fir_fence":54,"minecraft:dark_oak_stairs":107,"minecraft:birch_leaves":30,"minecraft:oak_planks":12,"minecraft:spruce_door":5,"minecraft:stone_pickaxe":107,"vtaw_tas:emerald_pickaxe":751,"minecraft:blackstone":54,"minecraft:wooden_pickaxe":42,"biomesoplenty:fir_planks":576,"biomesoplenty:fir_boat":8,"minecraft:dripstone_block":4,"cwsr:beast_sword":2,"minecraft:shears":87,"minecraft:bread":28,"minecraft:gravel":8,"minecraft:diamond_sword":296,"cwsr:thunder_sword":19,"minecraft:oak_boat":3,"minecraft:flint_and_steel":64,"minecraft:spruce_planks":197,"cyclic:emerald_shovel":15,"minecraft:cooked_salmon":34,"vtaw_tas:redstone_shovel":310,"minecraft:netherrack":139,"minecraft:torch":293,"vtaw_tas:obsidian_pickaxe":31,"minecraft:dirt":334,"biomesoplenty:maple_sapling":1,"minecraft:dark_oak_planks":106,"vtaw_tas:emerald_sword":563,"minecraft:iron_axe":262,"vtaw_tas:wither_bone_sword":6,"minecraft:cooked_beef":16,"minecraft:cobbled_deepslate":192,"minecraft:cooked_mutton":10,"alexsmobs:cooked_catfish":16,"minecraft:water_bucket":117,"minecraft:cobblestone_stairs":63,"minecraft:baked_potato":26,"minecraft:mossy_cobblestone":3,"minecraft:crafting_table":18,"minecraft:red_bed":1,"minecraft:dark_oak_door":6,"cwsr:thunder_shock":56,"minecraft:apple":7,"minecraft:diamond_pickaxe":2110,"chococraft:gysahl_green_seeds":4,"minecraft:iron_pickaxe":4,"travelersbackpack:white_sleeping_bag":1,"biomesoplenty:toadstool":1,"minecraft:stone_axe":53,"minecraft:cobblestone":322,"travelersbackpack:standard":17,"minecraft:cooked_porkchop":19,"minecraft:bucket":118,"cwsr:light_sword":3,"minecraft:glass_pane":139,"alexsmobs:animal_dictionary":4,"biomesoplenty:fir_log":361},"minecraft:custom":{"minecraft:interact_with_crafting_table":107,"minecraft:leave_game":8,"minecraft:time_since_death":2135,"minecraft:damage_resisted":1562,"minecraft:sprint_one_cm":887205,"minecraft:damage_blocked_by_shield":4890,"minecraft:drop":275,"minecraft:talked_to_villager":23,"minecraft:play_time":688427,"minecraft:deaths":9,"minecraft:jump":7471,"minecraft:walk_on_water_one_cm":142232,"minecraft:interact_with_furnace":106,"minecraft:sleep_in_bed":5,"minecraft:waystone_activated":1,"minecraft:damage_dealt":47811,"minecraft:player_kills":1,"minecraft:crouch_one_cm":96055,"minecraft:interact_with_smoker":6,"minecraft:mob_kills":306,"minecraft:damage_dealt_resisted":182,"minecraft:climb_one_cm":732,"minecraft:walk_one_cm":1944252,"minecraft:sneak_time":37167,"minecraft:walk_under_water_one_cm":151469,"minecraft:boat_one_cm":232315,"minecraft:interact_with_blast_furnace":8,"minecraft:total_world_time":688427,"minecraft:time_since_rest":2168,"minecraft:damage_taken":11757,"minecraft:swim_one_cm":187824,"minecraft:fly_one_cm":918128,"minecraft:open_chest":299,"minecraft:fall_one_cm":206969},"minecraft:killed_by":{"minecraft:piglin_brute":1,"minecraft:creeper":1,"alexsmobs:snow_leopard":1,"minecraft:zombie":1,"minecraft:skeleton":2},"minecraft:picked_up":{"chococraft:loverly_gysahl_green":5,"minecraft:creeper_head":1,"minecraft:redstone_block":2,"minecraft:nether_brick_fence":12,"vtaw_tas:wither_bone":2,"biomesoplenty:orange_autumn_sapling":46,"minecraft:enchanted_book":3,"minecraft:wither_rose":5,"minecraft:potion":2,"minecraft:gilded_blackstone":5,"minecraft:nether_brick":13,"alexsmobs:bone_serpent_tooth":2,"minecraft:amethyst_block":23,"minecraft:string":32,"minecraft:soul_soil":2,"minecraft:raw_copper":96,"minecraft:cooked_salmon":8,"minecraft:shroomlight":11,"minecraft:beetroot":2,"alexsmobs:dropbear_claw":2,"minecraft:bucket":1,"alexsmobs:blood_sac":9,"minecraft:gold_nugget":515,"minecraft:cobbled_deepslate":1103,"cyclic:emerald_shovel":1,"biomesoplenty:fir_planks":51,"minecraft:spruce_planks":16,"minecraft:calcite":3,"minecraft:iron_boots":2,"minecraft:furnace":7,"minecraft:stick":112,"minecraft:torch":180,"biomesoplenty:umbran_planks":20,"minecraft:porkchop":10,"minecraft:pointed_dripstone":1,"minecraft:rotten_flesh":44,"biomesoplenty:rose_quartz_chunk":8,"minecraft:iron_block":1,"biomesoplenty:white_petals":2,"minecraft:blaze_rod":9,"minecraft:obsidian":44,"minecraft:iron_bars":8,"alexsmobs:flying_fish":1,"minecraft:cobblestone":1036,"minecraft:nautilus_shell":1,"minecraft:magma_block":8,"minecraft:cooked_beef":12,"minecraft:lilac":1,"orcz:orcteeth":10,"minecraft:water_bucket":3,"minecraft:andesite":217,"minecraft:brown_wool":1,"minecraft:smoker":1,"biomesoplenty:fir_log":597,"biomesoplenty:dead_log":7,"biomesoplenty:fir_sapling":133,"alexsmobs:bear_fur":2,"alexsmobs:bison_fur":1,"minecraft:flint":10,"minecraft:tuff":91,"minecraft:lapis_lazuli":132,"minecraft:dirt":600,"minecraft:lantern":1,"minecraft:glass":124,"minecraft:bone":62,"minecraft:bow":2,"minecraft:wheat_seeds":12,"biomesoplenty:fir_boat":7,"minecraft:raw_gold":32,"minecraft:glowstone_dust":8,"minecraft:moss_block":1,"minecraft:prismarine":1,"biomesoplenty:toadstool":2,"minecraft:ghast_tear":1,"minecraft:cooked_porkchop":9,"minecraft:sand":572,"cyclic:flower_absalon_tulip":1,"minecraft:spectral_arrow":78,"minecraft:dark_oak_log":75,"minecraft:mossy_cobblestone":43,"travelersbackpack:white_sleeping_bag":3,"minecraft:diamond":23,"minecraft:cracked_polished_blackstone_bricks":3,"minecraft:crossbow":1,"minecraft:granite":6,"minecraft:bone_meal":7,"minecraft:golden_horse_armor":1,"alexsmobs:maggot":1,"orcz:ironscrap":8,"minecraft:oak_sapling":2,"minecraft:netherrack":193,"minecraft:crimson_roots":1,"minecraft:crafting_table":12,"minecraft:splash_potion":1,"minecraft:gold_block":1,"cyclic:lunchbox":1,"alexsmobs:cooked_catfish":4,"minecraft:red_bed":1,"alexsmobs:pigshoes":1,"minecraft:blackstone":103,"cwsr:thunder_sword":1,"minecraft:beef":18,"minecraft:player_head":3,"minecraft:light_gray_wool":1,"minecraft:chest":4,"minecraft:raw_iron":106,"minecraft:sandstone":3,"minecraft:stone":2,"minecraft:copper_ingot":1,"minecraft:fire_charge":10,"minecraft:polished_blackstone_bricks":3,"minecraft:carrot":1,"minecraft:redstone":99,"minecraft:prismarine_crystals":3,"minecraft:dark_oak_planks":2,"crafting_on_a_stick:crafting_table":1,"minecraft:arrow":37,"minecraft:stone_shovel":2,"minecraft:beetroot_seeds":4,"biomesoplenty:umbran_sapling":108,"minecraft:nether_bricks":83,"minecraft:gold_ingot":35,"minecraft:mutton":3,"minecraft:rail":11,"minecraft:white_wool":5,"minecraft:bone_block":8,"minecraft:birch_leaves":41,"minecraft:basalt":4,"minecraft:salmon":38,"minecraft:leather":29,"minecraft:oak_log":15,"vtaw_tas:redstone_shovel":1,"minecraft:gunpowder":4,"minecraft:cobblestone_stairs":10,"alexsmobs:mosquito_proboscis":2,"minecraft:cooked_mutton":7,"biomesoplenty:stripped_fir_log":1,"chococraft:gysahl_green":65,"minecraft:apple":7,"chococraft:gold_gysahl":2,"alexsmobs:cockroach_wing_fragment":2,"minecraft:stone_pickaxe":3,"minecraft:gray_bed":2,"minecraft:soul_sand":13,"minecraft:dark_oak_stairs":3,"minecraft:book":42,"minecraft:pumpkin":8,"minecraft:sweet_berries":33,"minecraft:quartz":12,"minecraft:dripstone_block":4,"minecraft:gravel":176,"minecraft:amethyst_shard":56,"chococraft:gysahl_green_seeds":28,"minecraft:spruce_sapling":14,"minecraft:spruce_log":55,"minecraft:crying_obsidian":4,"minecraft:spider_eye":12,"minecraft:spruce_door":5,"travelersbackpack:standard":4,"alexsmobs:raw_catfish":15,"minecraft:pumpkin_seeds":4,"biomesoplenty:maple_sapling":2,"biomesoplenty:bramble":1,"minecraft:stone_axe":2,"morevanillaarmor:quartz_leggings":2,"cwsr:beast_sword":1,"orcz:orceye":1,"minecraft:coal":511},"minecraft:killed":{"minecraft:witch":1,"minecraft:spider":17,"orcz:orcshieldiron":1,"minecraft:skeleton":40,"creeperoverhaul:cave_creeper":1,"alexsmobs:centipede_head":1,"minecraft:illusioner":4,"minecraft:piglin_brute":10,"minecraft:wolf":2,"minecraft:piglin":24,"minecraft:pig":6,"alexsmobs:grizzly_bear":3,"minecraft:zombie_villager":1,"minecraft:salmon":40,"alexsmobs:seal":1,"minecraft:creeper":1,"alexsmobs:crimson_mosquito":17,"orcz:orcsavage_2swordiron":1,"minecraft:sheep":2,"minecraft:zombie":41,"alexsmobs:terrapin":1,"minecraft:ghast":7,"alexsmobs:fly":2,"orcz:orcsavage_2sword":1,"minecraft:blaze":23,"minecraft:cow":6,"alexsmobs:bone_serpent":4,"alexsmobs:dropbear":1,"alexsmobs:raccoon":1,"orcz:orcsavagemace":1,"alexsmobs:soul_vulture":1,"alexsmobs:bison":1,"minecraft:drowned":8,"alexsmobs:flying_fish":1,"graveyard:ghoul":2,"alexsmobs:skunk":2,"minecraft:hoglin":2,"alexsmobs:catfish":13,"alexsmobs:cockroach":1,"minecraft:wither_skeleton":2}},"DataVersion":3465}