{"stats":{"minecraft:mined":{"biomesoplenty:jacaranda_leaves":1,"minecraft:cherry_log":10,"minecraft:crafting_table":3,"minecraft:torch":8,"biomesoplenty:bush":1,"minecraft:grass_block":2,"biomesoplenty:white_petals":2,"minecraft:wall_torch":6,"minecraft:iron_ore":3,"minecraft:cobbled_deepslate":3,"minecraft:fire":20,"minecraft:lilac":1,"minecraft:spruce_log":33,"minecraft:grass":3,"chococraft:gysahl_green":12,"minecraft:potatoes":48,"minecraft:coal_ore":1,"minecraft:dirt":6,"biomesoplenty:barley":1,"minecraft:stone":46,"minecraft:deepslate":14,"minecraft:fern":5},"minecraft:dropped":{"minecraft:wheat_seeds":2,"minecraft:lilac":2,"alexsmobs:animal_dictionary":1,"minecraft:stone_sword":2,"minecraft:cobbled_deepslate":6,"minecraft:glass_bottle":1,"minecraft:crafting_table":1,"chococraft:gysahl_green_seeds":19,"biomesoplenty:white_petals":5,"biomesoplenty:snowblossom_sapling":3,"minecraft:wooden_axe":1,"cwsr:thunder_sword":1,"minecraft:wooden_pickaxe":1,"minecraft:spruce_sapling":8},"minecraft:crafted":{"minecraft:crafting_table":1,"minecraft:spruce_planks":28,"travelersbackpack:backpack_tank":2,"minecraft:baked_potato":13,"minecraft:wooden_pickaxe":1,"travelersbackpack:standard":1,"minecraft:stone_axe":1,"minecraft:air":0,"minecraft:glass":35,"minecraft:stick":16,"minecraft:iron_ingot":19,"minecraft:stone_pickaxe":1,"minecraft:wooden_axe":1,"minecraft:stone_sword":1,"minecraft:chest":1,"minecraft:torch":4},"minecraft:used":{"minecraft:stone_sword":20,"minecraft:stone_pickaxe":44,"minecraft:baked_potato":17,"minecraft:wooden_pickaxe":25,"minecraft:torch":13,"minecraft:dirt":8,"minecraft:crafting_table":3,"biomesoplenty:snowblossom_sapling":2,"minecraft:wooden_axe":4,"alexsmobs:maggot":2,"chococraft:gysahl_green_seeds":4,"minecraft:stone_axe":24,"travelersbackpack:standard":1,"minecraft:sweet_berries":3,"cwsr:thunder_sword":5,"chococraft:gysahl_green":31,"alexsmobs:animal_dictionary":1,"minecraft:potato":54,"minecraft:cobbled_deepslate":11,"minecraft:cherry_log":3},"minecraft:custom":{"minecraft:interact_with_furnace":10,"minecraft:mob_kills":4,"minecraft:interact_with_crafting_table":7,"minecraft:leave_game":3,"minecraft:time_since_death":26237,"minecraft:time_since_rest":26263,"minecraft:sprint_one_cm":123949,"minecraft:damage_taken":1370,"minecraft:walk_one_cm":138739,"minecraft:drop":40,"minecraft:damage_dealt":640,"minecraft:swim_one_cm":9710,"minecraft:fly_one_cm":297002,"minecraft:open_chest":62,"minecraft:crouch_one_cm":1258,"minecraft:play_time":85360,"minecraft:deaths":1,"minecraft:sneak_time":1008,"minecraft:walk_under_water_one_cm":2576,"minecraft:jump":1354,"minecraft:walk_on_water_one_cm":6512,"minecraft:total_world_time":85360,"minecraft:fall_one_cm":39391},"minecraft:picked_up":{"chococraft:loverly_gysahl_green":3,"minecraft:crafting_table":3,"minecraft:lilac":2,"minecraft:potato":185,"minecraft:dirt":8,"biomesoplenty:snowblossom_sapling":5,"chococraft:gysahl_green":31,"minecraft:wheat_seeds":2,"minecraft:cobbled_deepslate":17,"cwsr:thunder_sword":2,"minecraft:iron_ingot":3,"minecraft:poppy":2,"minecraft:glass_bottle":1,"minecraft:sugar_cane":24,"minecraft:raw_iron":3,"minecraft:stick":6,"minecraft:sweet_berries":3,"minecraft:torch":14,"chococraft:gysahl_green_seeds":23,"minecraft:cherry_log":10,"minecraft:spruce_sapling":8,"minecraft:spruce_log":33,"minecraft:stone_sword":2,"minecraft:rotten_flesh":2,"cwsr:beast_sword":1,"biomesoplenty:white_petals":5,"alexsmobs:maggot":2,"minecraft:coal":1,"minecraft:cobblestone":46},"minecraft:killed":{"minecraft:skeleton":1,"minecraft:drowned":2,"alexsmobs:fly":1}},"DataVersion":3465}