{"stats":{"minecraft:crafted":{"minecraft:smooth_stone":3,"globalxp:xp_block":1,"minecraft:blaze_powder":8,"cwsr:combustion_sword":1,"minecraft:bookshelf":69,"minecraft:cooked_mutton":13,"minecraft:iron_bars":16,"minecraft:glass":145,"minecraft:quartz_block":42,"alexsmobs:cooked_catfish":2,"morevanillaarmor:wood_leggings":1,"minecraft:emerald":64,"minecraft:cobbled_deepslate_wall":60,"minecraft:copper_ingot":50,"minecraft:fletching_table":3,"vtaw_tas:quartz_axe":1,"travelersbackpack:emerald":1,"vtaw_tas:emerald_pickaxe":1,"minecraft:iron_block":3,"minecraft:gold_ingot":48,"morevanillaarmor:quartz_helmet":1,"vtaw_tas:redstone_pickaxe":1,"minecraft:stone_shovel":1,"minecraft:iron_nugget":9,"minecraft:diamond_hoe":1,"minecraft:bone_meal":297,"ironchest:gold_to_diamond_chest_upgrade":1,"minecraft:quartz":4,"vtaw_tas:obsidian_pickaxe":1,"travelersbackpack:white_sleeping_bag":3,"morevanillaarmor:quartz_boots":1,"minecraft:stone_pickaxe":3,"minecraft:redstone_block":47,"morevanillaarmor:redstone_helmet":2,"mcwlights:oak_ceiling_fan_light":1,"biomesoplenty:dead_planks":56,"minecraft:enchanting_table":1,"morevanillaarmor:wood_boots":1,"morevanillaarmor:quartz_leggings":1,"ironchest:iron_to_gold_chest_upgrade":1,"minecraft:wooden_axe":1,"minecraft:iron_shovel":1,"minecraft:iron_leggings":1,"morevanillaarmor:redstone_leggings":1,"vtaw_tas:redstone_shovel":3,"minecraft:white_bed":1,"minecraft:oak_planks":8,"cyclic:lunchbox":2,"cyclic:emerald_shovel":1,"morevanillaarmor:redstone_boots":1,"minecraft:cooked_chicken":3,"morevanillaarmor:quartz_chestplate":1,"minecraft:stone":3,"morevanillaarmor:nether_boots":1,"minecraft:chest":26,"biomesoplenty:umbran_fence":48,"minecraft:copper_block":1,"minecraft:golden_boots":1,"chiselsandbits:chisel_stone":1,"minecraft:smoker":1,"minecraft:oak_slab":6,"cwsr:fire_sword":1,"minecraft:crafting_table":7,"minecraft:spruce_planks":92,"vtaw_tas:redstone_sword":2,"minecraft:baked_potato":128,"minecraft:wooden_pickaxe":1,"vtaw_tas:quartz_pickaxe":2,"biomesoplenty:fir_planks":28,"minecraft:iron_chestplate":1,"minecraft:diamond_pickaxe":1,"minecraft:shield":2,"minecraft:stick":2236,"minecraft:iron_ingot":116,"minecraft:stone_sword":1,"minecraft:shears":1,"minecraft:cobbled_deepslate_slab":126,"vtaw_tas:lapis_pickaxe":1,"vtaw_tas:quartz_sword":1,"minecraft:furnace":4,"minecraft:blast_furnace":1,"minecraft:iron_hoe":2,"minecraft:lime_dye":2,"cwsr:sword_handle":1,"minecraft:cooked_beef":40,"biomesoplenty:umbran_planks":2120,"minecraft:amethyst_shard":476,"minecraft:cooked_salmon":3,"ironchest:copper_chest":7,"morevanillaarmor:redstone_chestplate":1,"minecraft:bucket":4,"crafting_on_a_stick:crafting_table":2,"minecraft:stone_axe":1,"minecraft:amethyst_block":55,"minecraft:air":0,"minecraft:white_wool":4,"minecraft:torch":292,"morevanillaarmor:wood_chestplate":1,"biomesoplenty:umbran_slab":132,"minecraft:lapis_block":52,"ironchest:iron_chest":5,"morevanillaarmor:wood_helmet":1},"minecraft:dropped":{"biomesoplenty:fir_log":57,"minecraft:crimson_stem":3,"minecraft:iron_sword":2,"minecraft:lapis_lazuli":113,"minecraft:cooked_beef":12,"minecraft:glow_ink_sac":2,"morevanillaarmor:wood_leggings":1,"minecraft:glass_bottle":1,"minecraft:diamond":2,"minecraft:crafting_table":2,"withersweapons:spooky_upgrade":1,"minecraft:crossbow":1,"minecraft:saddle":1,"cwsr:ender_essence":1,"graveyard:corruption":1,"minecraft:item_frame":2,"minecraft:emerald":2,"minecraft:dirt":92,"minecraft:gold_nugget":51,"minecraft:sand":2,"alexsmobs:raccoon_tail":1,"minecraft:white_wool":9,"minecraft:bone":16,"minecraft:stone_axe":1,"cyclic:emerald_shovel":1,"minecraft:polished_andesite_slab":1,"minecraft:iron_nugget":8,"alexsmobs:animal_dictionary":2,"minecraft:cobbled_deepslate":186,"minecraft:birch_sapling":1,"minecraft:obsidian":1,"vtaw_tas:obsidian_pickaxe":1,"minecraft:rotten_flesh":66,"minecraft:lime_dye":4,"minecraft:glowstone_dust":39,"minecraft:quartz_bricks":6,"minecraft:nether_brick_fence":25,"biomesoplenty:umbran_log":36,"alexsmobs:blood_sac":9,"vtaw_tas:redstone_sword":2,"minecraft:quartz_block":10,"vtaw_tas:redstone_shovel":2,"minecraft:painting":3,"minecraft:glass":3,"minecraft:beef":6,"minecraft:crying_obsidian":1,"minecraft:ghast_tear":1,"morevanillaarmor:wood_chestplate":1,"minecraft:enchanted_book":5,"minecraft:golden_boots":2,"minecraft:iron_ingot":1,"biomesoplenty:dead_planks":33,"minecraft:wheat_seeds":14,"minecraft:dripstone_block":3,"biomesoplenty:fir_boat":2,"minecraft:feather":5,"minecraft:cobblestone":208,"minecraft:book":3,"cwsr:dark_essence":1,"minecraft:apple":2,"chococraft:gysahl_green_seeds":2,"minecraft:music_disc_pigstep":1,"minecraft:coal":60,"alexsmobs:raw_catfish":3,"minecraft:gray_bed":19,"minecraft:wooden_axe":1,"minecraft:mud":1,"minecraft:iron_shovel":1,"minecraft:paper":14,"minecraft:string":9,"cwsr:dark_sword":1,"minecraft:spruce_sapling":3,"minecraft:furnace":1,"minecraft:soul_soil":19,"minecraft:diamond_hoe":1,"alexsmobs:pigshoes":1,"minecraft:stone_shovel":1,"minecraft:orange_wool":1,"minecraft:nether_bricks":72,"minecraft:spruce_fence":1,"morevanillaarmor:quartz_chestplate":1,"minecraft:potato":3494,"minecraft:allium":2,"alexsmobs:cockroach_wing_fragment":1,"biomesoplenty:umbran_sapling":100,"cwsr:thunder_sword":2,"minecraft:spider_eye":6,"minecraft:sandstone":31,"minecraft:bow":3,"minecraft:bell":2,"minecraft:magma_block":55,"minecraft:brick_slab":1,"biomesoplenty:umbran_planks":17,"minecraft:soul_sand":22,"minecraft:moss_block":2,"minecraft:brown_mushroom":4,"minecraft:lantern":1,"minecraft:leather":25,"biomesoplenty:rose_quartz_chunk":8,"travelersbackpack:standard":3,"alexsmobs:bison_fur":2,"minecraft:cod":1,"minecraft:flint":2,"minecraft:cracked_polished_blackstone_bricks":8,"morevanillaarmor:wood_boots":2,"minecraft:crimson_roots":1,"minecraft:gilded_blackstone":6,"minecraft:polished_blackstone_bricks":2,"biomesoplenty:fir_fence":1,"chiselsandbits:block_bit":84,"minecraft:gold_ingot":59,"minecraft:gravel":9,"minecraft:blackstone":10,"minecraft:mangrove_roots":2,"minecraft:andesite_slab":4,"cwsr:mixed_essence":1,"minecraft:cooked_mutton":73,"cyclic:flower_lime_carnation":1,"alexsmobs:bone_serpent_tooth":2,"crafting_on_a_stick:crafting_table":2,"minecraft:gunpowder":9,"travelersbackpack:white_sleeping_bag":5,"morevanillaarmor:quartz_leggings":1,"minecraft:basalt":2,"minecraft:iron_bars":1,"minecraft:arrow":48,"morevanillaarmor:nether_boots":1,"minecraft:quartz":2,"minecraft:oak_leaves":1,"minecraft:splash_potion":1,"minecraft:netherrack":35,"minecraft:water_bucket":3,"morevanillaarmor:wood_helmet":1,"morevanillaarmor:redstone_leggings":1,"chococraft:gold_gysahl":1,"minecraft:mossy_cobblestone":4,"minecraft:poisonous_potato":12,"cwsr:fire_sword":1,"minecraft:copper_ingot":5,"vtaw_tas:emerald_pickaxe":1,"minecraft:tropical_fish":1,"minecraft:stick":112,"morevanillaarmor:redstone_chestplate":1,"minecraft:iron_block":3,"minecraft:torch":31,"alexsmobs:dropbear_claw":2,"minecraft:brown_wool":6,"minecraft:wither_rose":5,"cwsr:earth_essence":1,"minecraft:lapis_block":25,"minecraft:redstone_block":8,"minecraft:redstone":83,"cwsr:combustion_sword":1,"minecraft:coarse_dirt":3,"minecraft:blaze_rod":7,"minecraft:raw_copper":223,"minecraft:tuff":15,"minecraft:light_gray_wool":2,"minecraft:smoker":1,"alexsmobs:bear_fur":1,"chiselsandbits:chisel_stone":1,"minecraft:filled_map":1,"biomesoplenty:dead_sapling":2,"biomesoplenty:fir_planks":2,"orcz:orcteeth":1,"minecraft:andesite":79,"cyclic:lunchbox":6,"chiselsandbits:chiseled_block":2,"minecraft:stone_pickaxe":3,"minecraft:wooden_pickaxe":1,"minecraft:calcite":3,"chococraft:gysahl_green":2},"minecraft:killed_by":{"alexsmobs:snow_leopard":1,"minecraft:player":1,"minecraft:skeleton":1},"minecraft:used":{"chiselsandbits:chiseled_block":2,"vtaw_tas:redstone_sword":360,"minecraft:black_carpet":3,"minecraft:chest":6,"minecraft:rotten_flesh":1,"biomesoplenty:umbran_log":1,"morevanillaarmor:obsidian_chestplate":2,"ironchest:iron_chest":5,"minecraft:lava_bucket":6,"minecraft:villager_spawn_egg":2,"vtaw_tas:quartz_sword":152,"minecraft:sweet_berries":15,"minecraft:furnace":5,"minecraft:cooked_cod":8,"minecraft:potato":501,"vtaw_tas:emerald_pickaxe":730,"minecraft:wooden_pickaxe":1,"minecraft:sand":1,"minecraft:blast_furnace":4,"globalxp:xp_block":3,"minecraft:oak_boat":2,"minecraft:enchanting_table":3,"minecraft:stone_sword":39,"minecraft:cooked_salmon":2,"vtaw_tas:redstone_shovel":425,"minecraft:netherrack":119,"minecraft:torch":307,"vtaw_tas:obsidian_pickaxe":822,"minecraft:cod_bucket":1,"minecraft:chipped_anvil":1,"minecraft:cobbled_deepslate":346,"minecraft:calcite":10,"minecraft:water_bucket":7,"ironchest:gold_to_diamond_chest_upgrade":1,"cwsr:fire_sword":114,"minecraft:fletching_table":4,"minecraft:polished_blackstone_bricks":19,"minecraft:crafting_table":6,"minecraft:white_bed":1,"alexsmobs:flying_fish":1,"minecraft:diamond_pickaxe":253,"morevanillaarmor:quartz_chestplate":2,"travelersbackpack:white_sleeping_bag":1,"minecraft:cobblestone":251,"minecraft:potion":1,"travelersbackpack:standard":2,"biomesoplenty:fir_log":1,"minecraft:iron_shovel":124,"minecraft:diamond_hoe":1,"minecraft:shield":92,"minecraft:iron_sword":240,"minecraft:iron_chestplate":1,"minecraft:glass":118,"minecraft:gray_bed":37,"biomesoplenty:fir_fence":5,"minecraft:golden_boots":1,"vtaw_tas:quartz_axe":96,"minecraft:stone_pickaxe":264,"biomesoplenty:fir_boat":2,"minecraft:redstone_block":2,"minecraft:sugar_cane":23,"mcwlights:oak_ceiling_fan_light":1,"ironchest:copper_chest":7,"minecraft:crossbow":3,"biomesoplenty:dead_planks":1,"minecraft:shears":35,"biomesoplenty:umbran_planks":98,"minecraft:bread":26,"ironchest:iron_to_gold_chest_upgrade":1,"minecraft:gravel":7,"minecraft:andesite":449,"chococraft:gysahl_green":1,"minecraft:tropical_fish_bucket":1,"minecraft:coarse_dirt":6,"minecraft:bone_meal":297,"cwsr:combustion_sword":366,"minecraft:stone_shovel":54,"minecraft:spruce_planks":1,"cyclic:emerald_shovel":156,"minecraft:cooked_chicken":2,"vtaw_tas:lapis_pickaxe":252,"minecraft:dirt":513,"minecraft:white_carpet":6,"minecraft:spruce_fence":4,"minecraft:iron_hoe":362,"minecraft:wooden_axe":12,"minecraft:bookshelf":59,"biomesoplenty:umbran_sapling":24,"minecraft:cooked_beef":22,"minecraft:iron_leggings":1,"minecraft:cooked_mutton":70,"minecraft:baked_potato":78,"minecraft:smoker":4,"vtaw_tas:quartz_pickaxe":324,"minecraft:cracked_polished_blackstone_bricks":4,"minecraft:stone_axe":23,"vtaw_tas:redstone_pickaxe":239,"minecraft:white_banner":1,"minecraft:bucket":19,"minecraft:pumpkin_pie":7,"morevanillaarmor:nether_boots":1},"minecraft:custom":{"minecraft:interact_with_crafting_table":122,"minecraft:open_barrel":1,"minecraft:bell_ring":3,"minecraft:eat_cake_slice":1,"minecraft:leave_game":23,"minecraft:time_since_death":24922,"minecraft:damage_blocked_by_shield":2510,"minecraft:play_time":809587,"minecraft:deaths":17,"minecraft:jump":10546,"minecraft:interact_with_furnace":130,"minecraft:traded_with_villager":64,"minecraft:sleep_in_bed":17,"minecraft:waystone_activated":1,"minecraft:damage_dealt":61092,"minecraft:interact_with_smoker":4,"minecraft:interact_with_anvil":3,"minecraft:sneak_time":30539,"minecraft:interact_with_blast_furnace":43,"minecraft:total_world_time":809587,"minecraft:time_since_rest":24949,"minecraft:swim_one_cm":90262,"minecraft:fly_one_cm":2204822,"minecraft:open_chest":881,"minecraft:fall_one_cm":232902,"minecraft:sprint_one_cm":1782584,"minecraft:drop":454,"minecraft:talked_to_villager":63,"minecraft:walk_on_water_one_cm":73874,"minecraft:crouch_one_cm":64356,"minecraft:mob_kills":341,"minecraft:climb_one_cm":3528,"minecraft:walk_one_cm":971644,"minecraft:walk_under_water_one_cm":29467,"minecraft:boat_one_cm":142277,"minecraft:damage_taken":14162},"minecraft:broken":{"vtaw_tas:quartz_sword":1,"morevanillaarmor:redstone_boots":1,"morevanillaarmor:quartz_helmet":1,"minecraft:iron_hoe":2,"morevanillaarmor:redstone_helmet":2,"vtaw_tas:quartz_pickaxe":2,"morevanillaarmor:quartz_boots":1,"vtaw_tas:redstone_shovel":1,"minecraft:stone_pickaxe":1,"vtaw_tas:redstone_pickaxe":1,"vtaw_tas:lapis_pickaxe":1},"minecraft:killed":{"minecraft:cave_spider":5,"orcz:goblinshield":1,"minecraft:cod":1,"minecraft:skeleton":34,"minecraft:chicken":4,"minecraft:salmon":3,"minecraft:iron_golem":3,"minecraft:zombie":72,"minecraft:glow_squid":1,"minecraft:cow":16,"alexsmobs:raccoon":2,"minecraft:horse":3,"graveyard:ghoul":2,"minecraft:wandering_trader":1,"alexsmobs:catfish":2,"minecraft:witch":5,"minecraft:spider":34,"alexsmobs:snow_leopard":1,"minecraft:illusioner":13,"minecraft:piglin_brute":5,"minecraft:wolf":8,"minecraft:piglin":12,"minecraft:zombie_villager":2,"orcz:goblinsavagemace":2,"minecraft:creeper":7,"alexsmobs:crimson_mosquito":16,"minecraft:sheep":8,"minecraft:trader_llama":5,"alexsmobs:terrapin":6,"minecraft:blaze":13,"minecraft:slime":4,"alexsmobs:bison":1,"minecraft:drowned":10,"alexsmobs:flying_fish":1,"alexsmobs:cockroach":1,"minecraft:villager":15},"minecraft:mined":{"minecraft:obsidian":6,"biomesoplenty:burning_blossom":1,"minecraft:granite":9,"biomesoplenty:bramble":2,"minecraft:polished_blackstone_bricks":22,"minecraft:magma_block":64,"minecraft:fire":57,"minecraft:barrel":6,"minecraft:cobbled_deepslate":107,"minecraft:deepslate_lapis_ore":16,"minecraft:fletching_table":2,"minecraft:enchanting_table":2,"minecraft:small_amethyst_bud":1,"biomesoplenty:webbing":1,"minecraft:brown_mushroom":5,"minecraft:crimson_nylium":3,"minecraft:smoker":5,"minecraft:soul_fire":14,"minecraft:torch":10,"minecraft:blast_furnace":5,"minecraft:sugar_cane":44,"minecraft:amethyst_block":192,"minecraft:skeleton_skull":1,"minecraft:mud":1,"biomesoplenty:large_rose_quartz_bud":3,"minecraft:grass":94,"biomesoplenty:dead_log":14,"minecraft:loom":2,"minecraft:smooth_basalt":2,"minecraft:red_mushroom_block":1,"minecraft:deepslate":698,"minecraft:mossy_cobblestone":6,"minecraft:nether_bricks":43,"minecraft:allium":2,"minecraft:crimson_roots":1,"biomesoplenty:dead_grass":1,"minecraft:andesite":257,"minecraft:potatoes":143,"minecraft:bone_block":10,"minecraft:redstone_block":1,"minecraft:soul_sand":25,"biomesoplenty:fir_planks":2,"minecraft:copper_ore":13,"minecraft:deepslate_gold_ore":26,"minecraft:coarse_dirt":9,"minecraft:white_carpet":3,"globalxp:xp_block":2,"minecraft:spruce_log":104,"minecraft:birch_leaves":8,"minecraft:gravel":8,"minecraft:dripstone_block":13,"biomesoplenty:stringy_cobweb":1,"minecraft:cobweb":1,"minecraft:chipped_anvil":1,"minecraft:fern":1,"minecraft:orange_wool":1,"minecraft:brewing_stand":1,"minecraft:budding_amethyst":22,"biomesoplenty:umbran_planks":13,"minecraft:grass_block":250,"minecraft:cracked_polished_blackstone_bricks":12,"minecraft:soul_soil":19,"minecraft:gilded_blackstone":1,"biomesoplenty:bramble_leaves":2,"minecraft:glowstone":6,"minecraft:iron_ore":14,"cyclic:flower_cyan":2,"chococraft:gysahl_green":1,"minecraft:iron_bars":1,"minecraft:deepslate_redstone_ore":23,"cyclic:flower_lime_carnation":2,"minecraft:blackstone":12,"minecraft:calcite":36,"minecraft:chest":4,"minecraft:mushroom_stem":15,"minecraft:nether_quartz_ore":26,"minecraft:cobblestone":24,"minecraft:grindstone":1,"minecraft:wall_torch":21,"minecraft:deepslate_copper_ore":7,"minecraft:seagrass":4,"biomesoplenty:umbran_log":1073,"biomesoplenty:fir_log":92,"minecraft:oak_log":9,"minecraft:sand":384,"minecraft:dirt":107,"minecraft:netherrack":195,"minecraft:oak_leaves":56,"minecraft:nether_gold_ore":2,"minecraft:tuff":50,"minecraft:deepslate_diamond_ore":10,"minecraft:mangrove_roots":2,"biomesoplenty:bush":93,"minecraft:brown_mushroom_block":7,"minecraft:polished_andesite_slab":1,"minecraft:spruce_leaves":1,"minecraft:sandstone":36,"minecraft:crimson_stem":5,"minecraft:large_fern":1,"minecraft:furnace":6,"minecraft:bell":2,"minecraft:nether_brick_fence":20,"minecraft:bookshelf":64,"minecraft:deepslate_iron_ore":27,"minecraft:lantern":1,"biomesoplenty:spider_egg":1,"minecraft:stone":767,"minecraft:basalt":2,"minecraft:crafting_table":2,"minecraft:cyan_stained_glass_pane":3,"minecraft:andesite_slab":4,"minecraft:lectern":1,"minecraft:deepslate_coal_ore":1,"minecraft:quartz_bricks":7,"biomesoplenty:sprout":4,"minecraft:lapis_ore":4,"minecraft:gray_wool":1,"minecraft:brick_slab":1,"biomesoplenty:fir_fence":4,"minecraft:sweet_berry_bush":1,"minecraft:gray_bed":35,"minecraft:white_wall_banner":1,"minecraft:coal_ore":5,"minecraft:polished_andesite":1},"minecraft:picked_up":{"minecraft:lead":1,"minecraft:enchanted_book":4,"minecraft:wither_rose":5,"minecraft:brewing_stand":1,"minecraft:amethyst_block":192,"minecraft:soul_soil":37,"minecraft:string":38,"minecraft:cooked_salmon":4,"minecraft:beetroot":6,"minecraft:gold_nugget":94,"minecraft:cobbled_deepslate":748,"cyclic:emerald_shovel":1,"withersweapons:spooky_upgrade":1,"minecraft:coal_block":1,"biomesoplenty:rose_quartz_chunk":8,"minecraft:tropical_fish":1,"minecraft:iron_block":3,"minecraft:blaze_rod":18,"minecraft:iron_bars":1,"alexsmobs:flying_fish":1,"minecraft:magma_block":114,"minecraft:feather":10,"orcz:orcteeth":1,"minecraft:brown_wool":3,"minecraft:smoker":6,"biomesoplenty:dead_log":21,"biomesoplenty:fir_sapling":15,"biomesoplenty:fir_log":149,"alexsmobs:bison_fur":1,"minecraft:flint":1,"minecraft:lantern":3,"cwsr:beast_essence":1,"minecraft:chipped_anvil":1,"chiselsandbits:chiseled_block":4,"biomesoplenty:fir_boat":5,"minecraft:glowstone_dust":59,"minecraft:moss_block":2,"minecraft:loom":1,"minecraft:barrel":4,"alexsmobs:animal_dictionary":1,"minecraft:quartz_bricks":6,"minecraft:polished_andesite":1,"cwsr:light_essence":1,"minecraft:granite":9,"minecraft:bread":1,"minecraft:crimson_roots":1,"minecraft:mud":1,"minecraft:coarse_dirt":9,"minecraft:crafting_table":4,"alexsmobs:pigshoes":2,"minecraft:white_carpet":7,"cyclic:flower_lime_carnation":2,"cwsr:thunder_sword":2,"minecraft:beef":33,"minecraft:iron_nugget":8,"minecraft:poppy":4,"minecraft:chest":1,"minecraft:birch_sapling":1,"globalxp:xp_block":2,"minecraft:diamond_hoe":1,"minecraft:sandstone":31,"minecraft:glow_item_frame":1,"minecraft:redstone":525,"crafting_on_a_stick:crafting_table":1,"minecraft:gold_ingot":44,"minecraft:mutton":13,"minecraft:white_wool":12,"minecraft:bone_block":15,"minecraft:filled_map":1,"minecraft:oak_log":9,"minecraft:golden_boots":1,"minecraft:paper":28,"minecraft:white_banner":2,"chococraft:gysahl_green":3,"minecraft:apple":1,"alexsmobs:cockroach_wing_fragment":1,"minecraft:glass_bottle":5,"minecraft:gray_bed":56,"biomesoplenty:umbran_log":862,"morevanillaarmor:wood_boots":1,"minecraft:sweet_berries":22,"minecraft:gravel":11,"minecraft:spruce_sapling":3,"minecraft:spruce_log":23,"minecraft:crying_obsidian":1,"travelersbackpack:standard":3,"biomesoplenty:maple_sapling":2,"minecraft:slime_ball":6,"cwsr:mixed_essence":1,"minecraft:gray_wool":1,"minecraft:baked_potato":4,"minecraft:redstone_block":7,"minecraft:nether_brick_fence":50,"minecraft:gilded_blackstone":1,"minecraft:nether_brick":4,"minecraft:lapis_block":25,"minecraft:raw_copper":392,"cwsr:combustion_sword":1,"cwsr:ender_essence":1,"biomesoplenty:dead_sapling":2,"alexsmobs:blood_sac":8,"biomesoplenty:fir_planks":2,"minecraft:calcite":33,"alexsmobs:raccoon_tail":1,"minecraft:furnace":6,"minecraft:stick":142,"minecraft:torch":68,"biomesoplenty:umbran_planks":17,"minecraft:music_disc_pigstep":1,"minecraft:quartz_block":10,"minecraft:rotten_flesh":83,"minecraft:mangrove_roots":2,"minecraft:cod":1,"minecraft:obsidian":8,"minecraft:cobblestone":765,"minecraft:enchanting_table":2,"minecraft:andesite":346,"cwsr:dark_essence":2,"minecraft:potato":3120,"minecraft:tuff":51,"minecraft:lapis_lazuli":537,"minecraft:dirt":395,"cwsr:dark_sword":2,"minecraft:bone":34,"minecraft:bow":3,"minecraft:wheat_seeds":17,"minecraft:raw_gold":91,"minecraft:bell":3,"minecraft:grindstone":1,"minecraft:fletching_table":2,"minecraft:poisonous_potato":15,"minecraft:sand":257,"biomesoplenty:fir_fence":7,"minecraft:mossy_cobblestone":4,"minecraft:orange_wool":1,"travelersbackpack:white_sleeping_bag":5,"minecraft:sugar":4,"minecraft:diamond":29,"minecraft:cracked_polished_blackstone_bricks":20,"minecraft:crossbow":2,"minecraft:bone_meal":3,"minecraft:emerald":3,"minecraft:netherrack":167,"minecraft:andesite_slab":4,"minecraft:oak_leaves":30,"minecraft:allium":2,"cwsr:thunder_essence":1,"minecraft:splash_potion":2,"minecraft:chicken":3,"minecraft:brown_mushroom":8,"cyclic:lunchbox":5,"minecraft:item_frame":2,"minecraft:blackstone":10,"graveyard:corruption":1,"minecraft:oak_boat":2,"minecraft:light_gray_wool":1,"minecraft:lectern":1,"minecraft:sugar_cane":47,"minecraft:raw_iron":119,"minecraft:copper_ingot":7,"minecraft:polished_blackstone_bricks":21,"minecraft:cookie":6,"minecraft:trident":1,"minecraft:arrow":70,"biomesoplenty:umbran_sapling":206,"minecraft:pumpkin_pie":7,"minecraft:nether_bricks":136,"minecraft:saddle":1,"cwsr:fire_sword":1,"minecraft:skeleton_skull":1,"minecraft:basalt":2,"minecraft:glow_ink_sac":2,"minecraft:crimson_stem":6,"minecraft:salmon":3,"minecraft:leather":43,"cwsr:earth_essence":1,"minecraft:mushroom_stew":2,"minecraft:gunpowder":13,"minecraft:cooked_mutton":65,"chococraft:gold_gysahl":1,"minecraft:iron_ingot":23,"minecraft:polished_andesite_slab":1,"minecraft:soul_sand":44,"minecraft:book":226,"vtaw_tas:obsidian_pickaxe":1,"minecraft:quartz":177,"minecraft:dripstone_block":16,"biomesoplenty:dead_planks":24,"minecraft:amethyst_shard":4,"chococraft:gysahl_green_seeds":2,"minecraft:blast_furnace":5,"minecraft:spider_eye":14,"minecraft:brick_slab":1,"alexsmobs:raw_catfish":5,"minecraft:lime_dye":2,"minecraft:coal":396}},"DataVersion":3465}